ti_nome,municipio
Acapuri de Cima,FONTE BOA
Acimã,LÁBREA
Aconã,TRAIPU
Água Preta/Inari,PAUINI
Águas Belas,PRADO
Águas Claras,MAJOR GERCINO
Aldeia Kondá,CHAPECÓ
Aldeia Limão Verde,AMAMBAI
Aldeia Velha,PORTO SEGURO
Alto Rio Guamá,SANTA LUZIA DO PARÁ
Alto Rio Guamá,PARAGOMINAS
Alto Rio Guamá,NOVA ESPERANÇA DO PIRIÁ
Alto Rio Negro,JAPURÁ
Alto Rio Negro,SÃO GABRIEL DA CACHOEIRA
Alto Rio Purus,SANTA ROSA DO PURUS
Alto Rio Purus,MANOEL URBANO
Alto Sepatini,LÁBREA
Alto Tarauacá,FEIJÓ
Alto Tarauacá,JORDÃO
Alto Turiaçu,ARAGUANÃ
Alto Turiaçu,CENTRO DO GUILHERME
Alto Turiaçu,MARANHÃOZINHO
Alto Turiaçu,NOVA OLINDA DO MARANHÃO
Alto Turiaçu,ZÉ DOCA
Alto Turiaçu,CENTRO NOVO DO MARANHÃO
Amambai,AMAMBAI
Amaral/Tekoá Kuriy,BIGUAÇU
Amba Porã,MIRACATU
Anambé,MOJU
Ananás,AMAJARI
Anaro,AMAJARI
Andirá-Marau,ITAITUBA
Andirá-Marau,BARREIRINHA
Andirá-Marau,MAUÉS
Andirá-Marau,PARINTINS
Andirá-Marau,AVEIRO
Aningal,AMAJARI
Anta,ALTO ALEGRE
Apiaká do Pontal e Isolados,APIACÁS
Apiaka/Kayabi,JUARA
Apinayé,CACHOEIRINHA
Apinayé,ITAGUATINS
Apinayé,MAURILÂNDIA DO TOCANTINS
Apinayé,SÃO BENTO DO TOCANTINS
Apinayé,TOCANTINÓPOLIS
Apipica,CAREIRO DA VÁRZEA
Apucarana,TAMARANA
Apurinã do Igarapé Mucuim,LÁBREA
Apurinã do Igarapé São João,TAPAUÁ
Apurinã Igarapé Tauamirim,TAPAUÁ
Apurinã Km 124 BR-317,BOCA DO ACRE
Apurinã Km 124 BR-317,LÁBREA
Apyterewa,SÃO FÉLIX DO XINGU
Araçá,AMAJARI
Arara,ALTAMIRA
Arara,BRASIL NOVO
Arara,MEDICILÂNDIA
Arara,URUARÁ
Arara da Volta Grande do Xingu,SENADOR JOSÉ PORFÍRIO
Arara do Igarapé Humaitá,PORTO WALTER
Arara do Igarapé Humaitá,TARAUACÁ
Arara do Rio Amônia,MARECHAL THAUMATURGO
Arara do Rio Branco,ARIPUANÃ
Arara do Rio Branco,COLNIZA
Araribá,AVAÍ
Arariboia,AMARANTE DO MARANHÃO
Arariboia,ARAME
Arariboia,BOM JESUS DAS SELVAS
Arariboia,BURITICUPU
Arariboia,GRAJAÚ
Arariboia,SANTA LUZIA
Arary,BORBA
Araweté Igarapé Ipixuna,ALTAMIRA
Araweté Igarapé Ipixuna,SÃO FÉLIX DO XINGU
Araweté Igarapé Ipixuna,SENADOR JOSÉ PORFÍRIO
Areões,NOVA NAZARÉ
Aripuanã,ARIPUANÃ
Aripuanã,JUÍNA
Ariramba,MANICORÉ
Arroio-Korá,PARANHOS
Atikum,BELÉM DO SÃO FRANCISCO
Atikum,SALGUEIRO
Atikum,CARNAUBEIRA DA PENHA
Atikum,MIRANDIBA
Avá-Canoeiro,MINAÇU
Avá-Canoeiro,COLINAS DO SUL
Avá-Guarani do Ocoí,SÃO MIGUEL DO IGUAÇU
Awa,CENTRO NOVO DO MARANHÃO
Awa,NOVA OLINDA DO MARANHÃO
Awa,ZÉ DOCA
Awa,SÃO JOÃO DO CARÚ
Bacurizinho,GRAJAÚ
Badjonkore,CUMARU DO NORTE
Badjonkore,SÃO FÉLIX DO XINGU
Baia dos Guató,BARÃO DE MELGAÇO
Bakairi,PLANALTO DA SERRA
Bakairi,PARANATINGA
Balaio,SÃO GABRIEL DA CACHOEIRA
Banawá,CANUTAMA
Banawá,LÁBREA
Banawá,TAPAUÁ
Barão de Antonina,SÃO JERÔNIMO DA SERRA
Barata Livramento,ALTO ALEGRE
Barra,MUQUÉM DE SÃO FRANCISCO
Barra Velha,PORTO SEGURO
Barra Velha de Monte Pascoal,ITAMARAJU
Barra Velha de Monte Pascoal,PRADO
Barra Velha de Monte Pascoal,PORTO SEGURO
Barreira da Missão,TEFÉ
Barreirinha,PARAGOMINAS
Barro Alto,TONANTINS
Batelão,JUARA
Batelão,NOVA CANAÃ DO NORTE
Batelão,TABAPORÃ
Batovi,GAÚCHA DO NORTE
Baú,ALTAMIRA
Betania,AMATURÁ
Betania,TONANTINS
Betania,SANTO ANTÔNIO DO IÇÁ
Boa Vista - AM,CAREIRO DA VÁRZEA
Boa Vista - PR,LARANJEIRAS DO SUL
Boa Vista Sertão do Promirim,UBATUBA
Boca do Acre,BOCA DO ACRE
Boca do Acre,LÁBREA
Bom Intento,BENJAMIN CONSTANT
Bom Jesus,BONFIM
Boqueirão,ALTO ALEGRE
Bragança-Marituba,BELTERRA
Brejo do Burgo,GLÓRIA
Brejo do Burgo,PAULO AFONSO
Brejo do Burgo,RODELAS
Buriti,DOIS IRMÃOS DO BURITI
Buriti,SIDROLÂNDIA
Buritizinho,SIDROLÂNDIA
Caarapó,CAARAPÓ
Cabeceira do Rio Acre,ASSIS BRASIL
Cacau do Tarauaca,ENVIRA
Cachoeira dos Inácios,IMARUÍ
Cachoeira Seca,ALTAMIRA
Cachoeira Seca,PLACAS
Cachoeira Seca,URUARÁ
Cachoeirinha,AQUIDAUANA
Cachoeirinha,MIRANDA
Cacique Doble,CACIQUE DOBLE
Cacique Doble,SÃO JOSÉ DO OURO
Cacique Fontoura,LUCIARA
Cacique Fontoura,SÃO FÉLIX DO ARAGUAIA
Caiçara/Ilha de São Pedro,PORTO DA FOLHA
Caieiras Velha II,ARACRUZ
Caititu,LÁBREA
Cajueiro,AMAJARI
Cajuhiri Atravessado,COARI
Camadeni,PAUINI
Camicua,BOCA DO ACRE
Campinas/Katukina,CRUZEIRO DO SUL
Campo Bonito,TORRES
Cana Brava/Guajajara,BARRA DO CORDA
Cana Brava/Guajajara,JENIPAPO DOS VIEIRAS
Cana Brava/Guajajara,GRAJAÚ
Canauanim,CANTÁ
Canelinha,CANELINHA
Canelinha,TIJUCAS
Cantagalo,PORTO ALEGRE
Cantagalo,VIAMÃO
Capivari,PALMARES DO SUL
Capoto/Jarina,SÃO JOSÉ DO XINGU
Capoto/Jarina,SANTA CRUZ DO XINGU
Capoto/Jarina,PEIXOTO DE AZEVEDO
Caramuru/Paraguassu,CAMACAN
Caramuru/Paraguassu,ITAJU DO COLÔNIA
Caramuru/Paraguassu,PAU BRASIL
Carretão I,RUBIATABA
Carretão I,NOVA AMÉRICA
Carretão II,NOVA AMÉRICA
Carreteiro,ÁGUA SANTA
Caru,BOM JARDIM
Catipari/Mamoria,PAUINI
Caxixó,MARTINHO CAMPOS
Caxixó,POMPÉU
Cerrito,ELDORADO
Chão Preto,CAMPINÁPOLIS
Coata-Laranjal,BORBA
Cobra Grande,SANTARÉM
Comboios,ARACRUZ
Comexatibá,PRADO
Coroa Vermelha,SANTA CRUZ CABRÁLIA
Coroa Vermelha,PORTO SEGURO
Córrego João Pereira,ACARAÚ
Córrego João Pereira,ITAREMA
Cué Cué/ Marabitanas,SÃO GABRIEL DA CACHOEIRA
Cuia,AUTAZES
Cuiu-Cuiu,MARAÃ
Cunhã-Sapucaia,AUTAZES
Cunhã-Sapucaia,BORBA
Deni,ITAMARATI
Deni,LÁBREA
Deni,PAUINI
Deni,TAPAUÁ
Diahui,HUMAITÁ
Djaiko-Aty,MIRACATU
Dourados,DOURADOS
Dourados,ITAPORÃ
Dourados-Amambaipeguá I,AMAMBAI
Dourados-Amambaipeguá I,CAARAPÓ
Dourados-Amambaipeguá I,LAGUNA CARAPÃ
Enawenê-Nawê,COMODORO
Enawenê-Nawê,JUÍNA
Enawenê-Nawê,SAPEZAL
Entre Serras,JATOBÁ
Entre Serras,PETROLÂNDIA
Entre Serras,TACARATU
Erikpatsá,BRASNORTE
Escondido,COTRIGUAÇU
Espírito Santo,JUTAÍ
Estação Parecis,DIAMANTINO
Estivadinho,TANGARÁ DA SERRA
Estrada do Mar,OSÓRIO
Estrela da Paz,JUTAÍ
Évare I,SANTO ANTÔNIO DO IÇÁ
Évare I,SÃO PAULO DE OLIVENÇA
Évare I,TABATINGA
Évare II,SÃO PAULO DE OLIVENÇA
Faxinal,CÂNDIDO DE ABREU
Fazenda Bahiana,CAMAMU
Fazenda Boa Vista - MG,CALDAS
Fazenda Boa Vista - MG,SANTA RITA DE CALDAS
Fazenda Canto,PALMEIRA DOS ÍNDIOS
Fazenda Guarani,CARMÉSIA
Fazenda Remanso,MUQUÉM DE SÃO FRANCISCO
Fazenda Sítio,BANZAÊ
Figueiras,TANGARÁ DA SERRA
Figueiras,BARRA DO BUGRES
Fortaleza do Castanho,MANAQUIRI
Fortaleza do Patauá,MANACAPURU
Fulni-ô,ÁGUAS BELAS
Fulni-ô,ITAÍBA
Funil,TOCANTÍNIA
Galibi,OIAPOQUE
Gavião,CAREIRO DA VÁRZEA
Geralda Toco Preto,ARAME
Geralda Toco Preto,ITAIPAVA DO GRAJAÚ
Geripancó,PARICONHA
Governador,AMARANTE DO MARANHÃO
Guaimbé,LAGUNA CARAPÃ
Guajahã,PAUINI
Guanabara,BENJAMIN CONSTANT
Guarani Araponga,PARATY
Guarani Barra do Ouro,CARAÁ
Guarani Barra do Ouro,MAQUINÉ
Guarani Barra do Ouro,RIOZINHO
Guarani da Barragem,SÃO PAULO
Guarani de Águas Brancas,ARAMBARÉ
Guarani de Araçaí,CUNHA PORÃ
Guarani de Araçaí,SAUDADES
Guarani de Bracui,ANGRA DOS REIS
Guarani do Aguapeu,MONGAGUÁ
Guarani Votouro,BENJAMIN CONSTANT DO SUL
Guarita,TENENTE PORTELA
Guarita,MIRAGUAÍ
Guarita,ERVAL SECO
Guasuti,ARAL MOREIRA
Guató,CORUMBÁ
Guyraroká,CAARAPÓ
Hãm Yîxux,LADAINHA
Herarekã Xetá,IVATÉ
Hi Merimã,LÁBREA
Hi Merimã,TAPAUÁ
Ibirama,DOUTOR PEDRINHO
Ibirama,ITAIÓPOLIS
Ibirama,JOSÉ BOITEUX
Ibirama,VITOR MEIRELES
Ibirama-La Klãnô,DOUTOR PEDRINHO
Ibirama-La Klãnô,ITAIÓPOLIS
Ibirama-La Klãnô,JOSÉ BOITEUX
Ibirama-La Klãnô,RIO NEGRINHO
Ibirama-La Klãnô,VITOR MEIRELES
Ibotirama,IBOTIRAMA
Icatu,BRAÚNA
Igarapé Capana,BOCA DO ACRE
Igarapé do Caucho,TARAUACÁ
Igarapé Grande,ALVARÃES
Igarapé Lage,GUAJARÁ-MIRIM
Igarapé Lage,NOVA MAMORÉ
Igarapé Lourdes,JI-PARANÁ
Igarapé Ribeirão,NOVA MAMORÉ
Igarapé Taboca do Alto Tarauacá,JORDÃO
Iguatemipegua I,IGUATEMI
Ilha da Cotinga,PARANAGUÁ
Ilha do Camaleão,ANAMÃ
Imbiriba,PORTO SEGURO
Inauini/Teuini,BOCA DO ACRE
Inauini/Teuini,PAUINI
Inawebohona,LAGOA DA CONFUSÃO
Inawebohona,PIUM
Inhacorá,SÃO VALÉRIO DO SUL
Ipixuna,HUMAITÁ
Irantxe,BRASNORTE
Irapuá,CAÇAPAVA DO SUL
Itaitinga,AUTAZES
Itaóca,MONGAGUÁ
Itixi Mitari,BERURI
Itixi Mitari,TAPAUÁ
Itixi Mitari,ANORI
Ituna/Itatá,ALTAMIRA
Ituna/Itatá,SENADOR JOSÉ PORFÍRIO
Ivai,MANOEL RIBAS
Ivai,PITANGA
Jabuti,BONFIM
Jacamim,BONFIM
Jacamim,CARACARAÍ
Jacaré de São Domingos,MARCAÇÃO
Jacaré de São Domingos,RIO TINTO
Jacareúba/Katauixi (restrição uso),CANUTAMA
Jacareúba/Katauixi (restrição uso),LÁBREA
Jaguapiré,TACURU
Jaguari,AMAMBAI
Jaminaua/Envira,FEIJÓ
Jaminawa Arara do Rio Bagé,MARECHAL THAUMATURGO
Jaminawa Arara do Rio Bagé,TARAUACÁ
Jaminawa do Igarapé Preto,CRUZEIRO DO SUL
Japuira,JUARA
Jaquiri,UARINI
Jaraguá,SÃO PAULO
Jaraguá,OSASCO
Jarara,JUTI
Jarawara/Jamamadi/Kanamati,LÁBREA
Jarawara/Jamamadi/Kanamati,TAPAUÁ
Jarudore,POXORÉO
Jatayvari,PONTA PORÃ
Jatuarana,MANACAPURU
Jauary,AUTAZES
Juininha,CONQUISTA D´OESTE
Juma,CANUTAMA
Jumina,OIAPOQUE
Jurubaxi-Téa,BARCELOS
Jurubaxi-Téa,SANTA ISABEL DO RIO NEGRO
Ka´aguy Mirim,MIRACATU
Ka´aguy Mirim,PEDRO DE TOLEDO
Kaaguy Hovy (Tekoa Itapuã),IGUAPE
Kadiwéu,CORUMBÁ
Kadiwéu,PORTO MURTINHO
Kaingang de Iraí,IRAÍ
Kambiwá,FLORESTA
Kambiwá,IBIMIRIM
Kambiwá,INAJÁ
Kampa do Igarapé Primavera,TARAUACÁ
Kampa do Rio Amônia,MARECHAL THAUMATURGO
Kampa e Isolados do Rio Envira,FEIJÓ
Kanamari do Rio Juruá,ITAMARATI
Kanamari do Rio Juruá,PAUINI
Kanamari do Rio Juruá,EIRUNEPÉ
Kanela,FERNANDO FALCÃO
Kanela Memortumré,BARRA DO CORDA
Kanela Memortumré,FERNANDO FALCÃO
Kantaruré,GLÓRIA
Kapinawá,BUÍQUE
Kapinawá,IBIMIRIM
Kapinawá,TUPANATINGA
Karajá de Aruanã I,ARUANÃ
Karajá de Aruanã II,COCALINHO
Karajá de Aruanã III,ARUANÃ
Karajá Santana do Araguaia,SANTA MARIA DAS BARREIRAS
Karapotó,SÃO SEBASTIÃO
Kararaô,ALTAMIRA
Karipuna,NOVA MAMORÉ
Karipuna,PORTO VELHO
Kariri-Xocó,PORTO REAL DO COLÉGIO
Kariri-Xocó,SÃO BRÁS
Karitiana,PORTO VELHO
Katukina/Kaxinawá,FEIJÓ
Kawahiva do Rio Pardo,COLNIZA
Kaxarari,LÁBREA
Kaxarari,PORTO VELHO
Kaxinawá Ashaninka do Rio Breu,JORDÃO
Kaxinawá Ashaninka do Rio Breu,MARECHAL THAUMATURGO
Kaxinawá Colônia Vinte e Sete,TARAUACÁ
Kaxinawá da Praia do Carapanã,TARAUACÁ
Kaxinawá do Baixo Rio Jordão,JORDÃO
Kaxinawá do Rio Humaitá,FEIJÓ
Kaxinawá do Rio Jordão,JORDÃO
Kaxinawá Nova Olinda,FEIJÓ
Kaxinawá Seringal Independência,JORDÃO
Kaxuyana-Tunayana,FARO
Kaxuyana-Tunayana,ORIXIMINÁ
Kaxuyana-Tunayana,NHAMUNDÁ
Kayabi,JACAREACANGA
Kayabi,APIACÁS
Kayapó,BANNACH
Kayapó,CUMARU DO NORTE
Kayapó,SÃO FÉLIX DO XINGU
Kayapó,OURILÂNDIA DO NORTE
Kiriri,BANZAÊ
Koatinemo,ALTAMIRA
Koatinemo,SENADOR JOSÉ PORFÍRIO
Krahó-Kanela,LAGOA DA CONFUSÃO
Kraolandia,GOIATINS
Kraolandia,ITACAJÁ
Krenak,RESPLENDOR
Krenrehé,LUCIARA
Krenrehé,CANABRAVA DO NORTE
Krikati,AMARANTE DO MARANHÃO
Krikati,LAJEADO NOVO
Krikati,MONTES ALTOS
Krikati,SÍTIO NOVO
Krukutu,SÃO PAULO
Kulina do Medio Jurua,TARAUACÁ
Kulina do Medio Jurua,EIRUNEPÉ
Kulina do Medio Jurua,ENVIRA
Kulina do Medio Jurua,IPIXUNA
Kulina do Rio Envira,FEIJÓ
Kulina Igarapé do Pau,FEIJÓ
Kumaru do Lago Ualá,JURUÁ
Kuruáya,ALTAMIRA
Kwazá do Rio São Pedro,PARECIS
Lago Aiapua,ANORI
Lago Aiapua,BERURI
Lago Capanã,MANICORÉ
Lago do Beruri,BERURI
Lago do Correio,SANTO ANTÔNIO DO IÇÁ
Lago do Limão,BORBA
Lago do Marinheiro,CAREIRO
Lago Jauari,MANICORÉ
Lagoa  Encantada,AQUIRAZ
Lagoa Comprida,JENIPAPO DOS VIEIRAS
Lagoa dos Brincos,COMODORO
Lalima,MIRANDA
Laranjinha,ABATIÁ
Laranjinha,SANTA AMÉLIA
Las Casas,FLORESTA DO ARAGUAIA
Las Casas,PAU D´ARCO
Las Casas,REDENÇÃO
Lauro Sodré,BENJAMIN CONSTANT
Ligeiro,CHARRUA
Limão Verde,AQUIDAUANA
Macarrão,JUTAÍ
Mãe Maria,BOM JESUS DO TOCANTINS
Malacacheta,CANTÁ
Mamoadate,ASSIS BRASIL
Mamoadate,SENA MADUREIRA
Mangueira,ALTO ALEGRE
Mangueirinha,CHOPINZINHO
Mangueirinha,CORONEL VIVIDA
Mangueirinha,MANGUEIRINHA
Manoa/Pium,BONFIM
Manoki,BRASNORTE
Mapari,FONTE BOA
Mapari,JAPURÁ
Mapari,TONANTINS
Maraã Urubaxi,MARAÃ
Maraã Urubaxi,SANTA ISABEL DO RIO NEGRO
Maracaxi,AURORA DO PARÁ
Maraitá,AMATURÁ
Maraiwatsede,SÃO FÉLIX DO ARAGUAIA
Maraiwatsede,BOM JESUS DO ARAGUAIA
Maraiwatsede,ALTO BOA VISTA
Marajai,ALVARÃES
Maranduba,SANTA MARIA DAS BARREIRAS
Maranduba,ARAGUACEMA
Marechal Rondon,PARANATINGA
Maró,SANTARÉM
Marrecas,GUARAPUAVA
Marrecas,TURVO
Massacara,EUCLIDES DA CUNHA
Massaco,ALTA FLORESTA D´OESTE
Massaco,SÃO FRANCISCO DO GUAPORÉ
Mata da Cafurna,PALMEIRA DOS ÍNDIOS
Mata Medonha,SANTA CRUZ CABRÁLIA
Matintin,SANTO ANTÔNIO DO IÇÁ
Matintin,TONANTINS
Mato Castelhano,MATO CASTELHANO
Mato Preto,EREBANGO
Mato Preto,ERECHIM
Mato Preto,GETÚLIO VARGAS
Mawetek,EIRUNEPÉ
Mawetek,JUTAÍ
Maxacali,BERTÓPOLIS
Maxacali,SANTA HELENA DE MINAS
Mbiguaçu,BIGUAÇU
Médio Rio Negro I,JAPURÁ
Médio Rio Negro I,SANTA ISABEL DO RIO NEGRO
Médio Rio Negro I,SÃO GABRIEL DA CACHOEIRA
Médio Rio Negro II,SANTA ISABEL DO RIO NEGRO
Médio Rio Negro II,SÃO GABRIEL DA CACHOEIRA
Menkragnoti,ALTAMIRA
Menkragnoti,SÃO FÉLIX DO XINGU
Menkragnoti,MATUPÁ
Menkragnoti,PEIXOTO DE AZEVEDO
Menkü,BRASNORTE
Meria,ALVARÃES
Merure,BARRA DO GARÇAS
Merure,GENERAL CARNEIRO
Miguel/Josefa,AUTAZES
Miratu,UARINI
Monte Caseros,IBIRAIARAS
Monte Caseros,MULITERNO
Morro Alto,SÃO FRANCISCO DO SUL
Morro Branco,GRAJAÚ
Morro da Palha,BIGUAÇU
Morro da Palha,TIJUCAS
Morro dos Cavalos,PALHOÇA
Moskow,BONFIM
Mundo Verde/Cachoeirinha,TEÓFILO OTONI
Munduruku,ITAITUBA
Munduruku,JACAREACANGA
Munduruku-Taquara,AVEIRO
Munduruku-Taquara,BELTERRA
Muriru,BONFIM
Muriru,CANTÁ
Murutinga/Tracaja,AUTAZES
Murutinga/Tracaja,CAREIRO DA VÁRZEA
Nambikwara,COMODORO
Ñande Ru Marangatu,ANTÔNIO JOÃO
Natal/Felicidade,AUTAZES
Nhamundá/Mapuera,FARO
Nhamundá/Mapuera,ORIXIMINÁ
Nhamundá/Mapuera,NHAMUNDÁ
Nhamundá/Mapuera,URUCARÁ
Nioaque,NIOAQUE
Nonoai,GRAMADO DOS LOUREIROS
Nonoai,PLANALTO
Nonoai,RIO DOS ÍNDIOS
Nonoai,NONOAI
Nonoai/Rio da Várzea,GRAMADO DOS LOUREIROS
Nonoai/Rio da Várzea,NONOAI
Nonoai/Rio da Várzea,PLANALTO
Nonoai/Rio da Várzea,TRINDADE DO SUL
Nonoai/Rio da Várzea,LIBERATO SALZANO
Nossa Senhora de Fátima,MIRANDA
Nova Esperança do Rio Jandiatuba,AMATURÁ
Nova Esperança do Rio Jandiatuba,SÃO PAULO DE OLIVENÇA
Nova Jacundá,RONDON DO PARÁ
Nove de Janeiro,HUMAITÁ
Nukini,MÂNCIO LIMA
Ofayé-Xavante,BRASILÂNDIA
Ouro,AMAJARI
Pacaas Novas,GUAJARÁ-MIRIM
Pacheca,CAMAQUÃ
Padre,AUTAZES
Pakurity,CANANÉIA
Palmas,ABELARDO LUZ
Palmas,PALMAS
Panambi - Lagoa Rica,ITAPORÃ
Panambi - Lagoa Rica,DOURADINA
Panambizinho,DOURADOS
Panará,ALTAMIRA
Panará,GUARANTÃ DO NORTE
Panará,MATUPÁ
Pankararé,GLÓRIA
Pankararé,PAULO AFONSO
Pankararé,RODELAS
Pankararu,TACARATU
Pankararu,JATOBÁ
Paquiçamba,VITÓRIA DO XINGU
Paquiçamba,ANAPU
Paquiçamba,SENADOR JOSÉ PORFÍRIO
Parabubure,ÁGUA BOA
Parabubure,NOVA XAVANTINA
Parabubure,CAMPINÁPOLIS
Paracuhuba,AUTAZES
Parakanã,ITUPIRANGA
Parakanã,NOVO REPARTIMENTO
Paraná do Arauató,ITACOATIARA
Parana do Boa Boa,JAPURÁ
Parana do Boa Boa,SANTA ISABEL DO RIO NEGRO
Parana do Paricá,MARAÃ
Parati-Mirim,PARATY
Paresi,TANGARÁ DA SERRA
Parque do Araguaia,LAGOA DA CONFUSÃO
Parque do Araguaia,PIUM
Parque do Araguaia,FORMOSO DO ARAGUAIA
Parque do Aripuanã,VILHENA
Parque do Aripuanã,JUÍNA
Parque do Tumucumaque,ALMEIRIM
Parque do Tumucumaque,LARANJAL DO JARI
Parque do Tumucumaque,ALENQUER
Parque do Tumucumaque,ÓBIDOS
Parque do Tumucumaque,ORIXIMINÁ
Parque do Xingu,QUERÊNCIA
Parque do Xingu,SÃO JOSÉ DO XINGU
Parque do Xingu,SÃO FÉLIX DO ARAGUAIA
Parque do Xingu,GAÚCHA DO NORTE
Parque do Xingu,NOVA UBIRATÃ
Parque do Xingu,PARANATINGA
Parque do Xingu,CANARANA
Parque do Xingu,MARCELÂNDIA
Parque do Xingu,FELIZ NATAL
Passo Grande do Rio Forquilha,SANANDUVA
Passo Grande do Rio Forquilha,CACIQUE DOBLE
Patauá,AUTAZES
Paukalirajausu,VILA BELA DA SANTÍSSIMA TRINDADE
Paukalirajausu,NOVA LACERDA
Paumari do Cuniua,TAPAUÁ
Paumari do Lago Manissuã,TAPAUÁ
Paumari do Lago Marahã,LÁBREA
Paumari do Lago Paricá,TAPAUÁ
Paumari do Rio Ituxi,LÁBREA
Peguaoty,SETE BARRAS
Peneri/Tacaquiri,PAUINI
Pequizal,NOVA LACERDA
Pequizal do Naruvôtu,GAÚCHA DO NORTE
Pequizal do Naruvôtu,CANARANA
Perigara,BARÃO DE MELGAÇO
Peruíbe,PERUÍBE
Piaçaguera,PERUÍBE
Pilad Rebuá,MIRANDA
Pimentel Barbosa,CANARANA
Pimentel Barbosa,RIBEIRÃO CASCALHEIRA
Pinatuba,MANICORÉ
Pindoty,ARAQUARI
Pindoty,BALNEÁRIO BARRA DO SUL
Pindoty/Araçá-Mirim(Tekoha Pindoty),CANANÉIA
Pindoty/Araçá-Mirim(Tekoha Pindoty),IGUAPE
Pindoty/Araçá-Mirim(Tekoha Pindoty),PARIQUERA-AÇU
Pinhal,SEARA
Pinhalzinho,TOMAZINA
Pipipã,INAJÁ
Pipipã,PETROLÂNDIA
Pipipã,TACARATU
Pipipã,FLORESTA
Pirahã,HUMAITÁ
Piraí,ARAQUARI
Pirajuí,PARANHOS
Pirakua,BELA VISTA
Pirakua,PONTA PORÃ
Pirineus de Souza,COMODORO
Piripkura,COLNIZA
Piripkura,RONDOLÂNDIA
Pirititi,RORAINÓPOLIS
Pitaguary,MARACANAÚ
Pitaguary,PACATUBA
Pium,ALTO ALEGRE
Ponciano,AUTAZES
Ponciano,CAREIRO DA VÁRZEA
Ponta da Serra,AMAJARI
Ponte de Pedra,NOVA MARINGÁ
Ponte de Pedra,CAMPO NOVO DO PARECIS
Ponte de Pedra,DIAMANTINO
Porquinhos,FERNANDO FALCÃO
Porquinhos,GRAJAÚ
Porquinhos dos Canela-Apãnjekra,FORMOSA DA SERRA NEGRA
Porquinhos dos Canela-Apãnjekra,GRAJAÚ
Porquinhos dos Canela-Apãnjekra,FERNANDO FALCÃO
Portal do Encantado,PONTES E LACERDA
Portal do Encantado,PORTO ESPERIDIÃO
Portal do Encantado,VILA BELA DA SANTÍSSIMA TRINDADE
Porto Limoeiro,SANTO ANTÔNIO DO IÇÁ
Porto Lindo,JAPORÃ
Porto Praia,UARINI
Potiguara,MARCAÇÃO
Potiguara,RIO TINTO
Potiguara,BAÍA DA TRAIÇÃO
Potiguara de Monte-Mor,MARCAÇÃO
Potiguara de Monte-Mor,RIO TINTO
Potrero Guaçu,PARANHOS
Poyanawa,MÂNCIO LIMA
Praia do Índio,ITAITUBA
Praia do Mangue,ITAITUBA
Prosperidade,TONANTINS
Queimadas,ORTIGUEIRA
Raimundão,ALTO ALEGRE
Rancho Jacaré,LAGUNA CARAPÃ
Raposa Serra do Sol,PACARAIMA
Raposa Serra do Sol,UIRAMUTÃ
Raposa Serra do Sol,NORMANDIA
Recreio/São Félix,AUTAZES
Ribeirão Silveira,BERTIOGA
Ribeirão Silveira,SALESÓPOLIS
Ribeirão Silveira,SÃO SEBASTIÃO
Rio Apaporis,JAPURÁ
Rio Areia,INÁCIO MARTINS
Rio Biá,CARAUARI
Rio Biá,JUTAÍ
Rio Branco,ALTA FLORESTA D´OESTE
Rio Branco,SÃO FRANCISCO DO GUAPORÉ
Rio Branco,SÃO MIGUEL DO GUAPORÉ
Rio Branco Itanhaém,ITANHAÉM
Rio Branco Itanhaém,SÃO PAULO
Rio Branco Itanhaém,SÃO VICENTE
Rio das Cobras,ESPIGÃO ALTO DO IGUAÇU
Rio das Cobras,NOVA LARANJEIRAS
Rio dos Índios,VICENTE DUTRA
Rio dos Pardos,PORTO UNIÃO
Rio Formoso,TANGARÁ DA SERRA
Rio Gregório,TARAUACÁ
Rio Guaporé,GUAJARÁ-MIRIM
Rio Jumas,CAREIRO
Rio Manicoré,MANICORÉ
Rio Mequens,ALTO ALEGRE DOS PARECIS
Rio Negro Ocaia,GUAJARÁ-MIRIM
Rio Omerê,CORUMBIARA
Rio Omerê,CHUPINGUAIA
Rio Paru DEste,ALMEIRIM
Rio Paru DEste,MONTE ALEGRE
Rio Paru DEste,ALENQUER
Rio Pindaré,MONÇÃO
Rio Pindaré,BOM JARDIM
Rio Téa,SANTA ISABEL DO RIO NEGRO
Rio Téa,SÃO GABRIEL DA CACHOEIRA
Rio Urubu,ITACOATIARA
Riozinho,JURUÁ
Riozinho,JUTAÍ
Riozinho do Alto Envira,FEIJÓ
Riozinho do Alto Envira,SANTA ROSA DO PURUS
Rodeador,BARRA DO CORDA
Roosevelt,PIMENTA BUENO
Roosevelt,RONDOLÂNDIA
Roosevelt,ESPIGÃO D´OESTE
Sagarana,GUAJARÁ-MIRIM
Sai-Cinza,JACAREACANGA
Salto Grande do Jacuí,SALTO DO JACUÍ
Sambaqui,PONTAL DO PARANÁ
Sangradouro/Volta Grande,NOVO SÃO JOAQUIM
Sangradouro/Volta Grande,POXORÉO
Sangradouro/Volta Grande,GENERAL CARNEIRO
Santa Cruz da Nova Aliança,TONANTINS
Santa Inez,AMAJARI
Santana,NOBRES
São Domingos - MT,LUCIARA
São Domingos - MT,SÃO FÉLIX DO ARAGUAIA
São Domingos do Jacapari e Estação,JUTAÍ
São Domingos do Jacapari e Estação,TONANTINS
São Francisco do Canimari,AMATURÁ
São Jeronimo,SÃO JERÔNIMO DA SERRA
São Leopoldo,BENJAMIN CONSTANT
São Leopoldo,SÃO PAULO DE OLIVENÇA
São Marcos - MT,BARRA DO GARÇAS
São Marcos - RR,BOA VISTA
São Marcos - RR,PACARAIMA
São Pedro,AUTAZES
São Pedro do Sepatini,LÁBREA
São Sebastião,TONANTINS
Sapotal,TABATINGA
Sararé,VILA BELA DA SANTÍSSIMA TRINDADE
Sararé,NOVA LACERDA
Sararé,CONQUISTA D´OESTE
Sarauá,IPIXUNA DO PARÁ
Sassoró,TACURU
Sawré Muybu (Pimental),ITAITUBA
Sawré Muybu (Pimental),TRAIRÃO
Sepoti,HUMAITÁ
Sepoti,MANICORÉ
Serra da Moça,BOA VISTA
Serra do Itatins,ITARIRI
Serra Morena,JUÍNA
Serrinha,CONSTANTINA
Serrinha,ENGENHO VELHO
Serrinha,RONDA ALTA
Serrinha,TRÊS PALMEIRAS
Seruini/Mariene,LÁBREA
Seruini/Mariene,PAUINI
Sete Cerros,PARANHOS
Sete de Setembro,RONDOLÂNDIA
Sete de Setembro,CACOAL
Sete de Setembro,ESPIGÃO D´OESTE
Setemã,BORBA
Setemã,NOVO ARIPUANÃ
Sissaíma,CAREIRO DA VÁRZEA
Sombrerito,SETE QUEDAS
Sororó,BREJO GRANDE DO ARAGUAIA
Sororó,MARABÁ
Sororó,SÃO DOMINGOS DO ARAGUAIA
Sororó,SÃO GERALDO DO ARAGUAIA
Sucuba,ALTO ALEGRE
Sucuriy,MARACAJU
Sururuá,BENJAMIN CONSTANT
Sururuá,SÃO PAULO DE OLIVENÇA
Taba dos Anacé,CAUCAIA
Tabalascada,CANTÁ
Tabocal,CAREIRO
Tadarimana,RONDONÓPOLIS
Taego Ãwa,FORMOSO DO ARAGUAIA
Taihantesu,NOVA LACERDA
Takuaraty/Yvykuarusu,PARANHOS
Takuari,ELDORADO
Tanaru,CORUMBIARA
Tanaru,CHUPINGUAIA
Tanaru,PARECIS
Tanaru,PIMENTEIRAS DO OESTE
Tapeba,CAUCAIA
Tapirapé/Karajá,SANTA TEREZINHA
Tapirapé/Karajá,LUCIARA
Tapyi/Rio Branquinho,CANANÉIA
Taquaperi,CORONEL SAPUCAIA
Taquara,JUTI
Tarumã,ARAQUARI
Tarumã,BALNEÁRIO BARRA DO SUL
Taunay/Ipegue,AQUIDAUANA
Tekoa Guaviraty,CANANÉIA
Tekoa Guaviraty,IGUAPE
Tekohá Añetete,DIAMANTE D´OESTE
Tekoha Itamarã,DIAMANTE D´OESTE
Tekoha Jevy (Rio Pequeno),PARATY
Tembé,TOMÉ-AÇU
Tenharim do Igarapé Preto,NOVO ARIPUANÃ
Tenharim Marmelos,MANICORÉ
Tenharim Marmelos,HUMAITÁ
Tenharim Marmelos (Gleba B),HUMAITÁ
Tenharim Marmelos (Gleba B),MANICORÉ
Tenondé Porã,ITANHAÉM
Tenondé Porã,SÃO BERNARDO DO CAMPO
Tenondé Porã,SÃO PAULO
Tenondé Porã,SÃO VICENTE
Tenondé Porã,MONGAGUÁ
Terena Gleba Iriri,MATUPÁ
Tereza Cristina,SANTO ANTÔNIO DO LEVERGER
Tibagy/Mococa,ORTIGUEIRA
Tikúna de Feijoal,BENJAMIN CONSTANT
Tikúna de Feijoal,SÃO PAULO DE OLIVENÇA
Tikuna de Santo Antonio,BENJAMIN CONSTANT
Tingui Botó,CAMPO GRANDE
Tingui Botó,FEIRA GRANDE
Tirecatinga,SAPEZAL
Toldo Chimbangue,CHAPECÓ
Toldo Chimbangue II,CHAPECÓ
Toldo Imbu,ABELARDO LUZ
Toldo Pinhal,ARVOREDO
Toldo Pinhal,PAIAL
Toldo Pinhal,SEARA
Torá,HUMAITÁ
Torá,MANICORÉ
Tremembé da Barra do Mundaú,ITAPIPOCA
Tremembé de Queimadas,ACARAÚ
Trincheira,AUTAZES
Trincheira Bacaja,ALTAMIRA
Trincheira Bacaja,SÃO FÉLIX DO XINGU
Trincheira Bacaja,SENADOR JOSÉ PORFÍRIO
Trincheira Bacaja,ANAPU
Trocará,BAIÃO
Trocará,TUCURUÍ
Trocará - Doação,TUCURUÍ
Trombetas/Mapuera,CAROEBE
Trombetas/Mapuera,SÃO JOÃO DA BALIZA
Trombetas/Mapuera,FARO
Trombetas/Mapuera,ORIXIMINÁ
Trombetas/Mapuera,NHAMUNDÁ
Trombetas/Mapuera,URUCARÁ
Truaru,ALTO ALEGRE
Truaru,BOA VISTA
Truká,CABROBÓ
Tubarão Latunde,CHUPINGUAIA
Tukuna Porto Espiritual,BENJAMIN CONSTANT
Tukuna Umariaçu,TABATINGA
Tumbalalá,CURAÇÁ
Tumbalalá,ABARÉ
Tumiã,LÁBREA
Tupã-Supé,ALVARÃES
Tupã-Supé,UARINI
Tupinambá de Belmonte,BELMONTE
Tupinambá de Olivença,ILHÉUS
Tupinambá de Olivença,UNA
Tupinambá de Olivença,BUERAREMA
Tupiniquim,ARACRUZ
Turé/Mariquita,TOMÉ-AÇU
Turé/Mariquita II,TOMÉ-AÇU
Tuwa Apekuokawera,SÃO GERALDO DO ARAGUAIA
Tuwa Apekuokawera,MARABÁ
Tuxá de Inajá,INAJÁ
Uaçá,OIAPOQUE
Uati-Paraná,FONTE BOA
Uati-Paraná,JAPURÁ
Uati-Paraná,TONANTINS
Ubawawe,SANTO ANTÔNIO DO LESTE
Uirapuru,NOVA LACERDA
Uirapuru,CAMPOS DE JÚLIO
Umutina,BARRA DO BUGRES
Uneiuxi,JAPURÁ
Uneiuxi,SANTA ISABEL DO RIO NEGRO
Urubu Branco,SANTA TEREZINHA
Urubu Branco,CONFRESA
Urubu Branco,PORTO ALEGRE DO NORTE
Urucu/Juruá,ITAIPAVA DO GRAJAÚ
Uru-Eu-Wau-Wau,GUAJARÁ-MIRIM
Uru-Eu-Wau-Wau,JARU
Uru-Eu-Wau-Wau,SÃO MIGUEL DO GUAPORÉ
Uru-Eu-Wau-Wau,NOVA MAMORÉ
Uru-Eu-Wau-Wau,ALVORADA D´OESTE
Uru-Eu-Wau-Wau,CACAULÂNDIA
Uru-Eu-Wau-Wau,CAMPO NOVO DE RONDÔNIA
Uru-Eu-Wau-Wau,GOVERNADOR JORGE TEIXEIRA
Uru-Eu-Wau-Wau,MIRANTE DA SERRA
Uru-Eu-Wau-Wau,MONTE NEGRO
Uru-Eu-Wau-Wau,SERINGUEIRAS
Uru-Eu-Wau-Wau,COSTA MARQUES
Utaria Wyhyna/Iròdu Iràna,PIUM
Utiariti,SAPEZAL
Utiariti,CAMPO NOVO DO PARECIS
Uty-Xunaty (Gleba Iquê),VILHENA
Vale do Guaporé,NOVA LACERDA
Vale do Guaporé,COMODORO
Vale do Javari,ATALAIA DO NORTE
Vale do Javari,BENJAMIN CONSTANT
Vale do Javari,EIRUNEPÉ
Vale do Javari,GUAJARÁ
Vale do Javari,IPIXUNA
Vale do Javari,JUTAÍ
Vale do Javari,SÃO PAULO DE OLIVENÇA
Vanuire,ARCO-ÍRIS
Vanuire,TUPÃ
Vargem Alegre,SERRA DO RAMALHO
Varzinha,MAQUINÉ
Varzinha,CARAÁ
Ventarra,EREBANGO
Vista Alegre,CAREIRO
Vista Alegre,MANAQUIRI
Votouro,FAXINALZINHO
Votouro,BENJAMIN CONSTANT DO SUL
Votouro/Kandóia,FAXINALZINHO
Votouro/Kandóia,BENJAMIN CONSTANT DO SUL
Vui-Uata-In,AMATURÁ
Waiãpi,PEDRA BRANCA DO AMAPARI
Waiãpi,MAZAGÃO
Waiãpi,LARANJAL DO JARI
Waimiri-Atroari,RORAINÓPOLIS
Waimiri-Atroari,SÃO JOÃO DA BALIZA
Waimiri-Atroari,NOVO AIRÃO
Waimiri-Atroari,PRESIDENTE FIGUEIREDO
Waimiri-Atroari,URUCARÁ
WaiWái,CARACARAÍ
WaiWái,CAROEBE
WaiWái,SÃO JOÃO DA BALIZA
Wassu-Cocal,COLÔNIA LEOPOLDINA
Wassu-Cocal,JOAQUIM GOMES
Wassu-Cocal,MATRIZ DE CAMARAGIBE
Wassu-Cocal,NOVO LINO
Wawi,QUERÊNCIA
Wedezé,COCALINHO
Xacriabá,CÔNEGO MARINHO
Xacriabá,SÃO JOÃO DAS MISSÕES
Xacriabá,ITACARAMBI
Xakriabá Rancharia,ITACARAMBI
Xakriabá Rancharia,SÃO JOÃO DAS MISSÕES
Xambioá,SANTA FÉ DO ARAGUAIA
Xapecó,ABELARDO LUZ
Xapecó,IPUAÇU
Xapecó,ENTRE RIOS
Xapecó (Pinhalzinho-Canhadão),ABELARDO LUZ
Xapecó (Pinhalzinho-Canhadão),IPUAÇU
Xerente,PEDRO AFONSO
Xerente,TOCANTÍNIA
Xikrin do Rio Catete,MARABÁ
Xikrin do Rio Catete,PARAUAPEBAS
Xikrin do Rio Catete,ÁGUA AZUL DO NORTE
Xipaya,ALTAMIRA
Xukuru,PESQUEIRA
Xukuru,POÇÃO
Xukuru de Cimbres,ALAGOINHA
Xukuru de Cimbres,PEDRA
Xukuru de Cimbres,PESQUEIRA
Xukuru de Cimbres,VENTUROSA
Xukuru-Kariri,PALMEIRA DOS ÍNDIOS
Yanomami,AMAJARI
Yanomami,ALTO ALEGRE
Yanomami,CARACARAÍ
Yanomami,IRACEMA
Yanomami,MUCAJAÍ
Yanomami,BARCELOS
Yanomami,SANTA ISABEL DO RIO NEGRO
Yanomami,SÃO GABRIEL DA CACHOEIRA
Ypoi/Triunfo,PARANHOS
Yvy-katu,JAPORÃ
Yvyporã Laranjinha,CORNÉLIO PROCÓPIO
Yvyporã Laranjinha,RIBEIRÃO DO PINHAL
Yvyporã Laranjinha,ABATIÁ
Zoe,ÓBIDOS
Zoró,RONDOLÂNDIA
Zuruahã,TAPAUÁ
